add-none,2,100,400,163409,408,0
add-none,2,1000,4000,174214,43,275
add-none,2,10000,40000,787711,19,-6670
add-none,2,100000,400000,8229056,20,-8898
add-none,4,100,800,179370,224,0
add-none,4,1000,8000,244185,30,-239
add-none,4,10000,80000,1610879,20,-3851
add-none,4,100000,800000,12194506,15,-48182
add-none,8,100,1600,274140,171,26
add-none,8,1000,16000,443657,27,-1175
add-none,8,10000,160000,3790169,23,-8312
add-none,8,100000,1600000,25606236,16,-123773
add-none,12,100,2400,382601,159,6
add-none,12,1000,24000,698201,29,-1320
add-none,12,10000,240000,5047203,21,-15218
add-none,12,100000,2400000,50768219,21,-101591
add-yield-none,2,10,40,157644,3941,9
add-yield-none,4,10,80,164870,2060,6
add-yield-none,8,10,160,235678,1472,15
add-yield-none,12,10,240,331908,1382,15
add-yield-none,2,20,80,154243,1928,2
add-yield-none,4,20,160,183001,1143,46
add-yield-none,8,20,320,321245,1003,67
add-yield-none,12,20,480,411247,856,69
add-yield-none,2,40,160,200319,1251,11
add-yield-none,4,40,320,231539,723,45
add-yield-none,8,40,640,318884,498,130
add-yield-none,12,40,960,476777,496,191
add-yield-none,2,80,320,244032,762,0
add-yield-none,4,80,640,250791,391,44
add-yield-none,8,80,1280,439640,343,164
add-yield-none,12,80,1920,473541,246,238
add-yield-none,2,100,400,262084,655,-32
add-yield-none,4,100,800,290804,363,54
add-yield-none,8,100,1600,420249,262,49
add-yield-none,12,100,2400,514073,214,194
add-yield-none,2,1000,4000,1701415,425,12
add-yield-none,4,1000,8000,1802933,225,-124
add-yield-none,8,1000,16000,2261643,141,-24
add-yield-none,12,1000,24000,2402494,100,332
add-yield-none,2,10000,40000,14863108,371,-626
add-yield-none,4,10000,80000,14846384,185,243
add-yield-none,8,10000,160000,21617983,135,157
add-yield-none,12,10000,240000,52618859,219,-2995
add-yield-none,2,100000,400000,154048706,385,-88
add-yield-none,4,100000,800000,195627756,244,-14777
add-yield-none,8,100000,1600000,270259433,168,-13089
add-yield-none,12,100000,2400000,407491227,169,-133805
add-none,1,100,200,122155,610,0
add-none,1,1000,2000,161749,80,0
add-none,1,10000,20000,355208,17,0
add-none,1,100000,200000,2213963,11,0
add-none,1,1000000,2000000,21855964,10,0
add-none,2,100,400,153124,382,0
add-none,2,1000,4000,191867,47,0
add-none,2,10000,40000,699037,17,-4954
add-none,2,100000,400000,7555316,18,-36304
add-none,2,1000000,4000000,52561006,13,-96716
add-none,4,100,800,169742,212,0
add-none,4,1000,8000,241686,30,197
add-none,4,10000,80000,1881319,23,-2572
add-none,4,100000,800000,15849679,19,-81148
add-none,4,1000000,8000000,195225700,24,-501301
add-yield-none,1,100,200,297647,1488,0
add-yield-none,1,1000,2000,5946486,2973,0
add-yield-none,1,10000,20000,16949374,847,0
add-yield-none,1,100000,200000,387639217,1938,0
add-yield-none,1,1000000,2000000,1308850645,654,0
add-yield-none,2,100,400,305143,762,30
add-yield-none,2,1000,4000,1838116,459,-223
add-yield-none,2,10000,40000,14820933,370,103
add-yield-none,2,100000,400000,165506850,413,-3290
add-yield-none,2,1000000,4000000,1371492880,342,19871
add-yield-none,4,100,800,1163066,1453,91
add-yield-none,4,1000,8000,7763941,970,86
add-yield-none,4,10000,80000,46218584,577,9381
add-yield-none,4,100000,800000,398700559,498,-18770
add-yield-none,4,1000000,8000000,4120569957,515,-418936
add-yield-m,2,10000,40000,65426312,1635,0
add-yield-m,4,10000,80000,362090147,4526,0
add-yield-m,8,10000,160000,553762124,3461,0
add-yield-m,12,10000,240000,936189923,3900,0
add-yield-c,2,10000,40000,74733239,1868,0
add-yield-c,4,10000,80000,142400029,1780,0
add-yield-c,8,10000,160000,136328827,852,0
add-yield-c,12,10000,240000,208960321,870,0
add-yield-s,2,10000,40000,32687979,817,0
add-yield-s,4,10000,80000,134938869,1686,0
add-yield-s,8,10000,160000,207651062,1297,0
add-yield-s,12,10000,240000,290339875,1209,0
add-m,1,10000,20000,777123,38,0
add-m,2,10000,40000,5004216,125,0
add-m,4,10000,80000,17063168,213,0
add-m,8,10000,160000,120400759,752,0
add-m,12,10000,240000,144891656,603,0
add-c,1,10000,20000,9533193,476,0
add-c,2,10000,40000,9966056,249,0
add-c,4,10000,80000,11308607,141,0
add-c,8,10000,160000,38005923,237,0
add-c,12,10000,240000,52212252,217,0
add-s,1,10000,20000,432760,21,0
add-s,2,10000,40000,7897910,197,0
add-s,4,10000,80000,15819111,197,0
add-s,8,10000,160000,72499437,453,0
add-s,12,10000,240000,139376047,580,0
add-none,2,100,400,165470,413,0
add-none,2,1000,4000,282198,70,0
add-none,2,10000,40000,1333334,33,-2580
add-none,2,100000,400000,8437127,21,-31749
add-none,4,100,800,183883,229,0
add-none,4,1000,8000,285248,35,0
add-none,4,10000,80000,2171176,27,-11386
add-none,4,100000,800000,18386518,22,-76146
add-none,8,100,1600,363319,227,0
add-none,8,1000,16000,538937,33,-263
add-none,8,10000,160000,4029521,25,-3431
add-none,8,100000,1600000,38990235,24,-35721
add-none,12,100,2400,454450,189,-92
add-none,12,1000,24000,632355,26,-242
add-none,12,10000,240000,5824898,24,-4658
add-none,12,100000,2400000,58774788,24,-99930
add-yield-none,2,10,40,169699,4242,0
add-yield-none,4,10,80,198802,2485,6
add-yield-none,8,10,160,375910,2349,1
add-yield-none,12,10,240,513302,2138,0
add-yield-none,2,20,80,197623,2470,8
add-yield-none,4,20,160,394082,2463,20
add-yield-none,8,20,320,406539,1270,33
add-yield-none,12,20,480,579594,1207,94
add-yield-none,2,40,160,213704,1335,24
add-yield-none,4,40,320,323057,1009,53
add-yield-none,8,40,640,608796,951,83
add-yield-none,12,40,960,1750198,1823,77
add-yield-none,2,80,320,300753,939,-26
add-yield-none,4,80,640,534976,835,46
add-yield-none,8,80,1280,551517,430,141
add-yield-none,12,80,1920,3605542,1877,19
add-yield-none,2,100,400,366252,915,38
add-yield-none,4,100,800,467353,584,74
add-yield-none,8,100,1600,1063882,664,45
add-yield-none,12,100,2400,3074420,1281,151
add-yield-none,2,1000,4000,5180212,1295,16
add-yield-none,4,1000,8000,2135355,266,-69
add-yield-none,8,1000,16000,5043898,315,130
add-yield-none,12,1000,24000,7840425,326,449
add-yield-none,2,10000,40000,19168492,479,-80
add-yield-none,4,10000,80000,19098024,238,-59
add-yield-none,8,10000,160000,37962416,237,1301
add-yield-none,12,10000,240000,28654600,119,2456
add-yield-none,2,100000,400000,231889031,579,-19451
add-yield-none,4,100000,800000,210388097,262,-9821
add-yield-none,8,100000,1600000,194288419,121,10972
add-yield-none,12,100000,2400000,284390766,118,-106540
add-none,1,100,200,120251,601,0
add-none,1,1000,2000,128629,64,0
add-none,1,10000,20000,311198,15,0
add-none,1,100000,200000,3402971,17,0
add-none,1,1000000,2000000,20568880,10,0
add-none,2,100,400,140746,351,0
add-none,2,1000,4000,228104,57,629
add-none,2,10000,40000,879940,21,-9323
add-none,2,100000,400000,7995068,19,-16525
add-none,2,1000000,4000000,63155784,15,-713231
add-none,4,100,800,204182,255,0
add-none,4,1000,8000,300808,37,168
add-none,4,10000,80000,2075919,25,-9851
add-none,4,100000,800000,20735231,25,-112211
add-none,4,1000000,8000000,155687283,19,-865207
add-yield-none,1,100,200,275680,1378,0
add-yield-none,1,1000,2000,1501371,750,0
add-yield-none,1,10000,20000,16198153,809,0
add-yield-none,1,100000,200000,382503130,1912,0
add-yield-none,1,1000000,2000000,1783649329,891,0
add-yield-none,2,100,400,318188,795,27
add-yield-none,2,1000,4000,1993328,498,76
add-yield-none,2,10000,40000,25677968,641,-2344
add-yield-none,2,100000,400000,189416566,473,-23862
add-yield-none,2,1000000,4000000,1941980871,485,-65102
add-yield-none,4,100,800,375802,469,91
add-yield-none,4,1000,8000,2151792,268,91
add-yield-none,4,10000,80000,17945143,224,-818
add-yield-none,4,100000,800000,186509342,233,1060
add-yield-none,4,1000000,8000000,1821854027,227,-58120
add-yield-m,2,10000,40000,106276110,2656,0
add-yield-m,4,10000,80000,259969499,3249,0
add-yield-m,8,10000,160000,663529066,4147,0
add-yield-m,12,10000,240000,1324850310,5520,0
add-yield-c,2,10000,40000,33269154,831,0
add-yield-c,4,10000,80000,87156616,1089,0
add-yield-c,8,10000,160000,153457966,959,0
add-yield-c,12,10000,240000,258699643,1077,0
add-yield-s,2,10000,40000,133274336,3331,0
add-yield-s,4,10000,80000,115971123,1449,0
add-yield-s,8,10000,160000,283427924,1771,0
add-yield-s,12,10000,240000,1736590983,7235,0
add-m,1,10000,20000,9049724,452,0
add-m,2,10000,40000,9018927,225,0
add-m,4,10000,80000,4855601,60,0
add-m,8,10000,160000,36542176,228,0
add-m,12,10000,240000,53177067,221,0
add-c,1,10000,20000,581192,29,0
add-c,2,10000,40000,7399850,184,0
add-c,4,10000,80000,7414265,92,0
add-c,8,10000,160000,16023049,100,0
add-c,12,10000,240000,105133282,438,0
add-s,1,10000,20000,25721432,1286,0
add-s,2,10000,40000,34068527,851,0
add-s,4,10000,80000,30325760,379,0
add-s,8,10000,160000,59545805,372,0
add-s,12,10000,240000,104244020,434,0
add-none,2,100,400,160367,400,0
add-none,2,1000,4000,170519,42,-160
add-none,2,10000,40000,717047,17,-1452
add-none,2,100000,400000,7259711,18,-22472
add-none,4,100,800,218546,273,0
add-none,4,1000,8000,240074,30,-24
add-none,4,10000,80000,1581840,19,-8957
add-none,4,100000,800000,13837486,17,-35740
add-none,8,100,1600,334389,208,0
add-none,8,1000,16000,478416,29,-412
add-none,8,10000,160000,4057535,25,-9732
add-none,8,100000,1600000,35344130,22,-20295
add-none,12,100,2400,417429,173,0
add-none,12,1000,24000,704211,29,-328
add-none,12,10000,240000,6210678,25,-8546
add-none,12,100000,2400000,55678098,23,-109997
add-yield-none,2,10,40,133265,3331,6
add-yield-none,4,10,80,222730,2784,8
add-yield-none,8,10,160,314497,1965,18
add-yield-none,12,10,240,405997,1691,0
add-yield-none,2,20,80,193346,2416,0
add-yield-none,4,20,160,225736,1410,12
add-yield-none,8,20,320,338268,1057,17
add-yield-none,12,20,480,428003,891,68
add-yield-none,2,40,160,209162,1307,0
add-yield-none,4,40,320,264818,827,68
add-yield-none,8,40,640,388052,606,63
add-yield-none,12,40,960,538404,560,112
add-yield-none,2,80,320,260599,814,0
add-yield-none,4,80,640,312798,488,46
add-yield-none,8,80,1280,467373,365,83
add-yield-none,12,80,1920,550988,286,218
add-yield-none,2,100,400,306029,765,0
add-yield-none,4,100,800,337817,422,63
add-yield-none,8,100,1600,464972,290,58
add-yield-none,12,100,2400,588534,245,174
add-yield-none,2,1000,4000,1471383,367,-24
add-yield-none,4,1000,8000,2018664,252,58
add-yield-none,8,1000,16000,2231053,139,93
add-yield-none,12,1000,24000,2288220,95,270
add-yield-none,2,10000,40000,16467956,411,-18
add-yield-none,4,10000,80000,25188903,314,-1184
add-yield-none,8,10000,160000,18627577,116,-2329
add-yield-none,12,10000,240000,27227979,113,275
add-yield-none,2,100000,400000,166949934,417,-1522
add-yield-none,4,100000,800000,168644151,210,-3712
add-yield-none,8,100000,1600000,245215006,153,-55876
add-yield-none,12,100000,2400000,281470718,117,-74833
add-none,1,100,200,135823,679,0
add-none,1,1000,2000,162163,81,0
add-none,1,10000,20000,534539,26,0
add-none,1,100000,200000,2169897,10,0
add-none,1,1000000,2000000,22965736,11,0
add-none,2,100,400,390904,977,0
add-none,2,1000,4000,432997,108,0
add-none,2,10000,40000,1219891,30,43
add-none,2,100000,400000,5183268,12,0
add-none,2,1000000,4000000,76400247,19,-490765
add-none,4,100,800,18710612,23388,0
add-none,4,1000,8000,402328,50,21
add-none,4,10000,80000,2414215,30,-5969
add-none,4,100000,800000,16438618,20,-21751
add-none,4,1000000,8000000,211010636,26,-599025
add-yield-none,1,100,200,302011,1510,0
add-yield-none,1,1000,2000,1849856,924,0
add-yield-none,1,10000,20000,18362294,918,0
add-yield-none,1,100000,200000,143935446,719,0
add-yield-none,1,1000000,2000000,1724468832,862,0
add-yield-none,2,100,400,340419,851,13
add-yield-none,2,1000,4000,1870827,467,4
add-yield-none,2,10000,40000,17654256,441,-39
add-yield-none,2,100000,400000,137136407,342,-2487
add-yield-none,2,1000000,4000000,1611881078,402,-97041
add-yield-none,4,100,800,10188003,12735,33
add-yield-none,4,1000,8000,32743187,4092,472
add-yield-none,4,10000,80000,40131906,501,300
add-yield-none,4,100000,800000,212361764,265,-48348
add-yield-none,4,1000000,8000000,1849888963,231,-355346
add-yield-m,2,10000,40000,257770958,6444,0
add-yield-m,4,10000,80000,380901439,4761,0
add-yield-m,8,10000,160000,1351278878,8445,0
add-yield-m,12,10000,240000,2557389919,10655,0
add-yield-c,2,10000,40000,31939097,798,0
add-yield-c,4,10000,80000,69534107,869,0
add-yield-c,8,10000,160000,149046603,931,0
add-yield-c,12,10000,240000,233712252,973,0
add-yield-s,2,10000,40000,36432308,910,0
add-yield-s,4,10000,80000,85529065,1069,0
add-yield-s,8,10000,160000,187019831,1168,0
add-yield-s,12,10000,240000,429781832,1790,0
add-m,1,10000,20000,882534,44,0
add-m,2,10000,40000,5946982,148,0
add-m,4,10000,80000,13605193,170,0
add-m,8,10000,160000,38713808,241,0
add-m,12,10000,240000,55223814,230,0
add-c,1,10000,20000,520569,26,0
add-c,2,10000,40000,3577795,89,0
add-c,4,10000,80000,6597728,82,0
add-c,8,10000,160000,13653572,85,0
add-c,12,10000,240000,20784327,86,0
add-s,1,10000,20000,437866,21,0
add-s,2,10000,40000,8225164,205,0
add-s,4,10000,80000,7426982,92,0
add-s,8,10000,160000,38721355,242,0
add-s,12,10000,240000,56194750,234,0
add-none,2,100,400,181684,454,0
add-none,2,1000,4000,221770,55,-152
add-none,2,10000,40000,1145350,28,-989
add-none,2,100000,400000,8754476,21,-6654
add-none,4,100,800,201545,251,0
add-none,4,1000,8000,255426,31,0
add-none,4,10000,80000,1958602,24,-8402
add-none,4,100000,800000,16766509,20,-64011
add-none,8,100,1600,333290,208,0
add-none,8,1000,16000,515879,32,-1164
add-none,8,10000,160000,4307204,26,-5149
add-none,8,100000,1600000,39871508,24,-40210
add-none,12,100,2400,499166,207,0
add-none,12,1000,24000,758481,31,-1119
add-none,12,10000,240000,6348935,26,-3994
add-none,12,100000,2400000,44971033,18,-93920
add-yield-none,2,10,40,179343,4483,0
add-yield-none,4,10,80,193207,2415,7
add-yield-none,8,10,160,398247,2489,0
add-yield-none,12,10,240,684989,2854,0
add-yield-none,2,20,80,191485,2393,20
add-yield-none,4,20,160,218696,1366,37
add-yield-none,8,20,320,634257,1982,13
add-yield-none,12,20,480,504837,1051,70
add-yield-none,2,40,160,239490,1496,36
add-yield-none,4,40,320,250604,783,50
add-yield-none,8,40,640,484916,757,54
add-yield-none,12,40,960,2573883,2681,93
add-yield-none,2,80,320,335686,1049,15
add-yield-none,4,80,640,341253,533,-33
add-yield-none,8,80,1280,1823262,1424,115
add-yield-none,12,80,1920,1855853,966,59
add-yield-none,2,100,400,295481,738,12
add-yield-none,4,100,800,2360540,2950,48
add-yield-none,8,100,1600,604045,377,161
add-yield-none,12,100,2400,2718197,1132,207
add-yield-none,2,1000,4000,2050455,512,-21
add-yield-none,4,1000,8000,1910823,238,86
add-yield-none,8,1000,16000,4595149,287,0
add-yield-none,12,1000,24000,7625558,317,-765
add-yield-none,2,10000,40000,19146457,478,-665
add-yield-none,4,10000,80000,18733764,234,84
add-yield-none,8,10000,160000,20045730,125,-477
add-yield-none,12,10000,240000,26741472,111,-9756
add-yield-none,2,100000,400000,164202902,410,-7007
add-yield-none,4,100000,800000,166846956,208,-18866
add-yield-none,8,100000,1600000,186714730,116,8183
add-yield-none,12,100000,2400000,314733498,131,-111858
add-none,1,100,200,159812,799,0
add-none,1,1000,2000,129602,64,0
add-none,1,10000,20000,320205,16,0
add-none,1,100000,200000,2167409,10,0
add-none,1,1000000,2000000,22877105,11,0
add-none,2,100,400,123414,308,0
add-none,2,1000,4000,142345,35,62
add-none,2,10000,40000,851960,21,-1141
add-none,2,100000,400000,7740147,19,-74381
add-none,2,1000000,4000000,93080288,23,43952
add-none,4,100,800,152808,191,0
add-none,4,1000,8000,303379,37,-8
add-none,4,10000,80000,1847217,23,-6704
add-none,4,100000,800000,18320780,22,-54179
add-none,4,1000000,8000000,205099546,25,-312366
add-yield-none,1,100,200,603981,3019,0
add-yield-none,1,1000,2000,4732255,2366,0
add-yield-none,1,10000,20000,17919600,895,0
add-yield-none,1,100000,200000,162122887,810,0
add-yield-none,1,1000000,2000000,1340243332,670,0
add-yield-none,2,100,400,315579,788,21
add-yield-none,2,1000,4000,1705718,426,-204
add-yield-none,2,10000,40000,14510816,362,-68
add-yield-none,2,100000,400000,151503504,378,-7015
add-yield-none,2,1000000,4000000,1499929315,374,-5843
add-yield-none,4,100,800,393478,491,95
add-yield-none,4,1000,8000,2050325,256,100
add-yield-none,4,10000,80000,18838572,235,79
add-yield-none,4,100000,800000,175280881,219,-4257
add-yield-none,4,1000000,8000000,1585085659,198,-71770
add-yield-m,2,10000,40000,43092451,1077,0
add-yield-m,4,10000,80000,124488184,1556,0
add-yield-m,8,10000,160000,321788158,2011,0
add-yield-m,12,10000,240000,451054871,1879,0
add-yield-c,2,10000,40000,28831583,720,0
add-yield-c,4,10000,80000,65926005,824,0
add-yield-c,8,10000,160000,131668388,822,0
add-yield-c,12,10000,240000,225020770,937,0
add-yield-s,2,10000,40000,35159019,878,0
add-yield-s,4,10000,80000,66678561,833,0
add-yield-s,8,10000,160000,149147529,932,0
add-yield-s,12,10000,240000,242616688,1010,0
add-m,1,10000,20000,772501,38,0
add-m,2,10000,40000,5629195,140,0
add-m,4,10000,80000,15060565,188,0
add-m,8,10000,160000,40400460,252,0
add-m,12,10000,240000,58131322,242,0
add-c,1,10000,20000,553961,27,0
add-c,2,10000,40000,1604847,40,0
add-c,4,10000,80000,5973010,74,0
add-c,8,10000,160000,14492267,90,0
add-c,12,10000,240000,23619365,98,0
add-s,1,10000,20000,447064,22,0
add-s,2,10000,40000,8494813,212,0
add-s,4,10000,80000,17792834,222,0
add-s,8,10000,160000,35248123,220,0
add-s,12,10000,240000,91670960,381,0
add-none,2,100,400,179840,449,0
add-none,2,1000,4000,261563,65,-80
add-none,2,10000,40000,1361366,34,401
add-none,2,100000,400000,10445159,26,-20917
add-none,4,100,800,193520,241,0
add-none,4,1000,8000,323477,40,-6
add-none,4,10000,80000,2434705,30,-4234
add-none,4,100000,800000,22969061,28,-16882
add-none,8,100,1600,331466,207,0
add-none,8,1000,16000,610125,38,694
add-none,8,10000,160000,4692021,29,-2941
add-none,8,100000,1600000,43307750,27,-38587
add-none,12,100,2400,465346,193,0
add-none,12,1000,24000,842550,35,662
add-none,12,10000,240000,6966373,29,-1485
add-none,12,100000,2400000,68131039,28,-55323
add-yield-none,2,10,40,177967,4449,0
add-yield-none,4,10,80,228247,2853,9
add-yield-none,8,10,160,330243,2064,6
add-yield-none,12,10,240,472399,1968,0
add-yield-none,2,20,80,181542,2269,20
add-yield-none,4,20,160,266249,1664,35
add-yield-none,8,20,320,369490,1154,84
add-yield-none,12,20,480,495455,1032,96
add-yield-none,2,40,160,216740,1354,32
add-yield-none,4,40,320,255623,798,56
add-yield-none,8,40,640,386159,603,30
add-yield-none,12,40,960,565702,589,108
add-yield-none,2,80,320,281728,880,-24
add-yield-none,4,80,640,345340,539,86
add-yield-none,8,80,1280,488971,382,185
add-yield-none,12,80,1920,568811,296,128
add-yield-none,2,100,400,331429,828,23
add-yield-none,4,100,800,389481,486,75
add-yield-none,8,100,1600,507228,317,189
add-yield-none,12,100,2400,702401,292,172
add-yield-none,2,1000,4000,1408829,352,20
add-yield-none,4,1000,8000,2101406,262,-121
add-yield-none,8,1000,16000,2232324,139,165
add-yield-none,12,1000,24000,2523672,105,295
add-yield-none,2,10000,40000,18844470,471,0
add-yield-none,4,10000,80000,19426121,242,69
add-yield-none,8,10000,160000,19638784,122,132
add-yield-none,12,10000,240000,20149013,83,-349
add-yield-none,2,100000,400000,134500990,336,-26181
add-yield-none,4,100000,800000,179288409,224,-15652
add-yield-none,8,100000,1600000,190660832,119,-837
add-yield-none,12,100000,2400000,235702455,98,-51424
add-none,1,100,200,112059,560,0
add-none,1,1000,2000,130885,65,0
add-none,1,10000,20000,309849,15,0
add-none,1,100000,200000,2180130,10,0
add-none,1,1000000,2000000,27608234,13,0
add-none,2,100,400,139269,348,0
add-none,2,1000,4000,165508,41,-35
add-none,2,10000,40000,867143,21,-6821
add-none,2,100000,400000,9333091,23,-27441
add-none,2,1000000,4000000,86761171,21,-737564
add-none,4,100,800,199288,249,0
add-none,4,1000,8000,337104,42,-174
add-none,4,10000,80000,2416561,30,-208
add-none,4,100000,800000,23470810,29,-6567
add-none,4,1000000,8000000,181012770,22,-572079
add-yield-none,1,100,200,235812,1179,0
add-yield-none,1,1000,2000,1780560,890,0
add-yield-none,1,10000,20000,16217912,810,0
add-yield-none,1,100000,200000,135790313,678,0
add-yield-none,1,1000000,2000000,1456366471,728,0
add-yield-none,2,100,400,418552,1046,16
add-yield-none,2,1000,4000,2082375,520,-11
add-yield-none,2,10000,40000,17416558,435,-331
add-yield-none,2,100000,400000,178961077,447,-1908
add-yield-none,2,1000000,4000000,1753219906,438,-31094
add-yield-none,4,100,800,2597575,3246,16
add-yield-none,4,1000,8000,18340822,2292,-333
add-yield-none,4,10000,80000,83899842,1048,2487
add-yield-none,4,100000,800000,328116205,410,-14672
add-yield-none,4,1000000,8000000,4213328214,526,-215728
add-yield-m,2,10000,40000,178368750,4459,0
add-yield-m,4,10000,80000,217510920,2718,0
add-yield-m,8,10000,160000,368146743,2300,0
add-yield-m,12,10000,240000,806056738,3358,0
add-yield-c,2,10000,40000,39322919,983,0
add-yield-c,4,10000,80000,73805922,922,0
add-yield-c,8,10000,160000,152780135,954,0
add-yield-c,12,10000,240000,239375265,997,0
add-yield-s,2,10000,40000,36659116,916,0
add-yield-s,4,10000,80000,75457593,943,0
add-yield-s,8,10000,160000,164069019,1025,0
add-yield-s,12,10000,240000,276514365,1152,0
add-m,1,10000,20000,904894,45,0
add-m,2,10000,40000,9034978,225,0
add-m,4,10000,80000,15095922,188,0
add-m,8,10000,160000,40284798,251,0
add-m,12,10000,240000,53810359,224,0
add-c,1,10000,20000,1276072,63,0
add-c,2,10000,40000,3357855,83,0
add-c,4,10000,80000,7806969,97,0
add-c,8,10000,160000,17138715,107,0
add-c,12,10000,240000,22063603,91,0
add-s,1,10000,20000,542644,27,0
add-s,2,10000,40000,2190219,54,0
add-s,4,10000,80000,9401197,117,0
add-s,8,10000,160000,31375425,196,0
add-s,12,10000,240000,64816300,270,0
add-none,2,100,400,148029,370,-51
add-none,2,1000,4000,160193,40,-435
add-none,2,10000,40000,748852,18,-2097
add-none,2,100000,400000,6956025,17,-18667
add-none,4,100,800,189044,236,-14
add-none,4,1000,8000,288812,36,-173
add-none,4,10000,80000,1648853,20,-9320
add-none,4,100000,800000,15930599,19,-45125
add-none,8,100,1600,290143,181,14
add-none,8,1000,16000,444339,27,-573
add-none,8,10000,160000,3727225,23,-12012
add-none,8,100000,1600000,36134094,22,-116062
add-none,12,100,2400,403287,168,73
add-none,12,1000,24000,725800,30,242
add-none,12,10000,240000,6147371,25,-7798
add-none,12,100000,2400000,59849055,24,-82048
add-yield-none,2,10,40,164331,4108,0
add-yield-none,4,10,80,169121,2114,-3
add-yield-none,8,10,160,298695,1866,15
add-yield-none,12,10,240,421126,1754,5
add-yield-none,2,20,80,189484,2368,0
add-yield-none,4,20,160,199421,1246,11
add-yield-none,8,20,320,345164,1078,31
add-yield-none,12,20,480,440048,916,85
add-yield-none,2,40,160,214012,1337,5
add-yield-none,4,40,320,245923,768,39
add-yield-none,8,40,640,392918,613,124
add-yield-none,12,40,960,568475,592,206
add-yield-none,2,80,320,258795,808,6
add-yield-none,4,80,640,325079,507,61
add-yield-none,8,80,1280,435615,340,6
add-yield-none,12,80,1920,588911,306,189
add-yield-none,2,100,400,288301,720,0
add-yield-none,4,100,800,355258,444,50
add-yield-none,8,100,1600,478269,298,143
add-yield-none,12,100,2400,585401,243,182
add-yield-none,2,1000,4000,1638787,409,17
add-yield-none,4,1000,8000,2064275,258,56
add-yield-none,8,1000,16000,2264564,141,-123
add-yield-none,12,1000,24000,2419465,100,306
add-yield-none,2,10000,40000,15020519,375,70
add-yield-none,4,10000,80000,18834256,235,-4759
add-yield-none,8,10000,160000,19679387,122,-470
add-yield-none,12,10000,240000,20414571,85,-523
add-yield-none,2,100000,400000,145281378,363,315
add-yield-none,4,100000,800000,162181680,202,-40338
add-yield-none,8,100000,1600000,189169608,118,-18802
add-yield-none,12,100000,2400000,214018792,89,-27471
add-none,1,100,200,114848,574,0
add-none,1,1000,2000,133331,66,0
add-none,1,10000,20000,365912,18,0
add-none,1,100000,200000,2230335,11,0
add-none,1,1000000,2000000,20738894,10,0
add-none,2,100,400,145929,364,0
add-none,2,1000,4000,187816,46,0
add-none,2,10000,40000,801998,20,-3236
add-none,2,100000,400000,6916765,17,-9089
add-none,2,1000000,4000000,57715414,14,-164838
add-none,4,100,800,199292,249,0
add-none,4,1000,8000,280188,35,-204
add-none,4,10000,80000,1747552,21,-2009
add-none,4,100000,800000,15659587,19,-92330
add-none,4,1000000,8000000,154466841,19,-185478
add-yield-none,1,100,200,268035,1340,0
add-yield-none,1,1000,2000,1441220,720,0
add-yield-none,1,10000,20000,13178607,658,0
add-yield-none,1,100000,200000,131415304,657,0
add-yield-none,1,1000000,2000000,1295302051,647,0
add-yield-none,2,100,400,305764,764,7
add-yield-none,2,1000,4000,1598401,399,17
add-yield-none,2,10000,40000,15327157,383,-21
add-yield-none,2,100000,400000,150988475,377,-1125
add-yield-none,2,1000000,4000000,1436040073,359,-35797
add-yield-none,4,100,800,402938,503,42
add-yield-none,4,1000,8000,2042273,255,50
add-yield-none,4,10000,80000,18564140,232,99
add-yield-none,4,100000,800000,172881232,216,-47669
add-yield-none,4,1000000,8000000,1507864675,188,-84973
add-yield-m,2,10000,40000,41318026,1032,0
add-yield-m,4,10000,80000,120919240,1511,0
add-yield-m,8,10000,160000,281484240,1759,0
add-yield-m,12,10000,240000,441312923,1838,0
add-yield-c,2,10000,40000,29360478,734,0
add-yield-c,4,10000,80000,62119826,776,0
add-yield-c,8,10000,160000,135798264,848,0
add-yield-c,12,10000,240000,225039622,937,0
add-yield-s,2,10000,40000,30026805,750,0
add-yield-s,4,10000,80000,69852126,873,0
add-yield-s,8,10000,160000,156075009,975,0
add-yield-s,12,10000,240000,237618399,990,0
add-m,1,10000,20000,827123,41,0
add-m,2,10000,40000,5118974,127,0
add-m,4,10000,80000,13875272,173,0
add-m,8,10000,160000,43006709,268,0
add-m,12,10000,240000,54038782,225,0
add-c,1,10000,20000,524316,26,0
add-c,2,10000,40000,2048131,51,0
add-c,4,10000,80000,6344601,79,0
add-c,8,10000,160000,12274627,76,0
add-c,12,10000,240000,23910711,99,0
add-s,1,10000,20000,458443,22,0
add-s,2,10000,40000,6085745,152,0
add-s,4,10000,80000,17386723,217,0
add-s,8,10000,160000,40563450,253,0
add-s,12,10000,240000,70692931,294,0
add-none,2,100,400,182990,457,0
add-none,2,1000,4000,175521,43,4
add-none,2,10000,40000,827462,20,-9203
add-none,2,100000,400000,7343395,18,-96105
add-none,4,100,800,206298,257,0
add-none,4,1000,8000,301961,37,-133
add-none,4,10000,80000,1677118,20,-3430
add-none,4,100000,800000,23817432,29,20880
add-none,8,100,1600,299293,187,0
add-none,8,1000,16000,412739,25,554
add-none,8,10000,160000,4207588,26,-10511
add-none,8,100000,1600000,42477583,26,-76501
add-none,12,100,2400,471027,196,0
add-none,12,1000,24000,784585,32,-710
add-none,12,10000,240000,6641170,27,-8306
add-none,12,100000,2400000,63054866,26,-62680
add-yield-none,2,10,40,165392,4134,0
add-yield-none,4,10,80,211239,2640,4
add-yield-none,8,10,160,359634,2247,0
add-yield-none,12,10,240,478580,1994,9
add-yield-none,2,20,80,184642,2308,17
add-yield-none,4,20,160,226121,1413,26
add-yield-none,8,20,320,411759,1286,35
add-yield-none,12,20,480,480217,1000,120
add-yield-none,2,40,160,203666,1272,16
add-yield-none,4,40,320,264389,826,42
add-yield-none,8,40,640,347814,543,109
add-yield-none,12,40,960,479303,499,144
add-yield-none,2,80,320,267461,835,55
add-yield-none,4,80,640,279402,436,67
add-yield-none,8,80,1280,415975,324,89
add-yield-none,12,80,1920,529575,275,161
add-yield-none,2,100,400,292320,730,12
add-yield-none,4,100,800,321459,401,28
add-yield-none,8,100,1600,460858,288,155
add-yield-none,12,100,2400,566804,236,160
add-yield-none,2,1000,4000,1681757,420,-9
add-yield-none,4,1000,8000,1629751,203,-19
add-yield-none,8,1000,16000,2170791,135,184
add-yield-none,12,1000,24000,3014583,125,42
add-yield-none,2,10000,40000,17336398,433,-1166
add-yield-none,4,10000,80000,18325641,229,-328
add-yield-none,8,10000,160000,19451218,121,-2326
add-yield-none,12,10000,240000,20126670,83,861
add-yield-none,2,100000,400000,250933128,627,-571
add-yield-none,4,100000,800000,172385300,215,-25412
add-yield-none,8,100000,1600000,326284544,203,-811
add-yield-none,12,100000,2400000,198420791,82,-36626
add-none,1,100,200,138588,692,0
add-none,1,1000,2000,184245,92,0
add-none,1,10000,20000,315573,15,0
add-none,1,100000,200000,2133715,10,0
add-none,1,1000000,2000000,20427340,10,0
add-none,2,100,400,133571,333,63
add-none,2,1000,4000,167102,41,-106
add-none,2,10000,40000,675764,16,-4943
add-none,2,100000,400000,5137650,12,-16216
add-none,2,1000000,4000000,76884256,19,-50387
add-none,4,100,800,188987,236,0
add-none,4,1000,8000,304544,38,-644
add-none,4,10000,80000,1922872,24,-7268
add-none,4,100000,800000,18146655,22,-52931
add-none,4,1000000,8000000,161389814,20,-104444
add-yield-none,1,100,200,269434,1347,0
add-yield-none,1,1000,2000,1443374,721,0
add-yield-none,1,10000,20000,13428995,671,0
add-yield-none,1,100000,200000,126330866,631,0
add-yield-none,1,1000000,2000000,1304725662,652,0
add-yield-none,2,100,400,311664,779,-38
add-yield-none,2,1000,4000,1615610,403,-5
add-yield-none,2,10000,40000,14839167,370,-98
add-yield-none,2,100000,400000,142600232,356,-568
add-yield-none,2,1000000,4000000,1376114890,344,-7634
add-yield-none,4,100,800,353442,441,-4
add-yield-none,4,1000,8000,1953780,244,75
add-yield-none,4,10000,80000,17787900,222,-2198
add-yield-none,4,100000,800000,173978922,217,-18363
add-yield-none,4,1000000,8000000,1562470496,195,-8320
add-yield-m,2,10000,40000,48393121,1209,0
add-yield-m,4,10000,80000,91330139,1141,0
add-yield-m,8,10000,160000,265115696,1656,0
add-yield-m,12,10000,240000,471835792,1965,0
add-yield-c,2,10000,40000,27498224,687,0
add-yield-c,4,10000,80000,68098788,851,0
add-yield-c,8,10000,160000,141039246,881,0
add-yield-c,12,10000,240000,244725235,1019,0
add-yield-s,2,10000,40000,25369072,634,0
add-yield-s,4,10000,80000,74288176,928,0
add-yield-s,8,10000,160000,177043362,1106,0
add-yield-s,12,10000,240000,281987539,1174,0
add-m,1,10000,20000,807078,40,0
add-m,2,10000,40000,7872135,196,0
add-m,4,10000,80000,13391856,167,0
add-m,8,10000,160000,36894645,230,0
add-m,12,10000,240000,51637453,215,0
add-c,1,10000,20000,579489,28,0
add-c,2,10000,40000,2524155,63,0
add-c,4,10000,80000,14562406,182,0
add-c,8,10000,160000,14513821,90,0
add-c,12,10000,240000,22670188,94,0
add-s,1,10000,20000,537180,26,0
add-s,2,10000,40000,3161560,79,0
add-s,4,10000,80000,8273984,103,0
add-s,8,10000,160000,13891735,86,0
add-s,12,10000,240000,100101536,417,0
add-none,2,100,400,146183,365,0
add-none,2,1000,4000,170071,42,0
add-none,2,10000,40000,817598,20,-9793
add-none,2,100000,400000,9756893,24,-7403
add-none,4,100,800,174353,217,0
add-none,4,1000,8000,341631,42,-386
add-none,4,10000,80000,2221987,27,-1845
add-none,4,100000,800000,23837787,29,20849
add-none,8,100,1600,323619,202,0
add-none,8,1000,16000,539058,33,-246
add-none,8,10000,160000,4093201,25,-4720
add-none,8,100000,1600000,41523014,25,-129489
add-none,12,100,2400,416314,173,-79
add-none,12,1000,24000,810882,33,241
add-none,12,10000,240000,6338333,26,-4735
add-none,12,100000,2400000,63365178,26,-46811
add-yield-none,2,10,40,169840,4246,0
add-yield-none,4,10,80,320847,4010,0
add-yield-none,8,10,160,358630,2241,0
add-yield-none,12,10,240,502532,2093,3
add-yield-none,2,20,80,177129,2214,8
add-yield-none,4,20,160,225385,1408,28
add-yield-none,8,20,320,369171,1153,49
add-yield-none,12,20,480,469044,977,69
add-yield-none,2,40,160,211064,1319,20
add-yield-none,4,40,320,270626,845,67
add-yield-none,8,40,640,383089,598,86
add-yield-none,12,40,960,588288,612,156
add-yield-none,2,80,320,279800,874,22
add-yield-none,4,80,640,1069379,1670,62
add-yield-none,8,80,1280,485110,378,99
add-yield-none,12,80,1920,545522,284,94
add-yield-none,2,100,400,389053,972,70
add-yield-none,4,100,800,551917,689,195
add-yield-none,8,100,1600,841044,525,355
add-yield-none,12,100,2400,655107,272,33
add-yield-none,2,1000,4000,1943539,485,-70
add-yield-none,4,1000,8000,2207173,275,193
add-yield-none,8,1000,16000,2249042,140,-24
add-yield-none,12,1000,24000,4898815,204,-697
add-yield-none,2,10000,40000,17820350,445,-131
add-yield-none,4,10000,80000,18361866,229,299
add-yield-none,8,10000,160000,19554777,122,-34
add-yield-none,12,10000,240000,35848124,149,4446
add-yield-none,2,100000,400000,174623343,436,-10444
add-yield-none,4,100000,800000,183420753,229,1409
add-yield-none,8,100000,1600000,188019785,117,-1710
add-yield-none,12,100000,2400000,257059901,107,-91593
add-none,1,100,200,139387,696,0
add-none,1,1000,2000,160878,80,0
add-none,1,10000,20000,319167,15,0
add-none,1,100000,200000,2134998,10,0
add-none,1,1000000,2000000,20507995,10,0
add-none,2,100,400,133939,334,0
add-none,2,1000,4000,169548,42,-21
add-none,2,10000,40000,766933,19,-6263
add-none,2,100000,400000,7975252,19,-82799
add-none,2,1000000,4000000,73599506,18,-944130
add-none,4,100,800,284335,355,0
add-none,4,1000,8000,327899,40,-80
add-none,4,10000,80000,1999210,24,-3189
add-none,4,100000,800000,18237117,22,-53561
add-none,4,1000000,8000000,199880240,24,-452448
add-yield-none,1,100,200,233668,1168,0
add-yield-none,1,1000,2000,1763975,881,0
add-yield-none,1,10000,20000,18044878,902,0
add-yield-none,1,100000,200000,171403082,857,0
add-yield-none,1,1000000,2000000,1381769984,690,0
add-yield-none,2,100,400,304453,761,44
add-yield-none,2,1000,4000,1657296,414,6
add-yield-none,2,10000,40000,15053384,376,-324
add-yield-none,2,100000,400000,151533039,378,-27
add-yield-none,2,1000000,4000000,1712886490,428,-383612
add-yield-none,4,100,800,365857,457,-6
add-yield-none,4,1000,8000,2014395,251,-441
add-yield-none,4,10000,80000,18605512,232,-2408
add-yield-none,4,100000,800000,159875049,199,-11467
add-yield-none,4,1000000,8000000,1746917322,218,-29611
add-yield-m,2,10000,40000,59863509,1496,0
add-yield-m,4,10000,80000,138445669,1730,0
add-yield-m,8,10000,160000,602845036,3767,0
add-yield-m,12,10000,240000,1246769600,5194,0
add-yield-c,2,10000,40000,27070212,676,0
add-yield-c,4,10000,80000,68573148,857,0
add-yield-c,8,10000,160000,136700726,854,0
add-yield-c,12,10000,240000,208409471,868,0
add-yield-s,2,10000,40000,32478577,811,0
add-yield-s,4,10000,80000,68875390,860,0
add-yield-s,8,10000,160000,160158182,1000,0
add-yield-s,12,10000,240000,229677969,956,0
add-m,1,10000,20000,771403,38,0
add-m,2,10000,40000,5823935,145,0
add-m,4,10000,80000,15429209,192,0
add-m,8,10000,160000,41849556,261,0
add-m,12,10000,240000,49715972,207,0
add-c,1,10000,20000,519572,25,0
add-c,2,10000,40000,2326568,58,0
add-c,4,10000,80000,7852930,98,0
add-c,8,10000,160000,15333223,95,0
add-c,12,10000,240000,24361011,101,0
add-s,1,10000,20000,446485,22,0
add-s,2,10000,40000,6311473,157,0
add-s,4,10000,80000,12670281,158,0
add-s,8,10000,160000,40902245,255,0
add-s,12,10000,240000,64366306,268,0
add-none,2,100,400,189041,472,0
add-none,2,1000,4000,207192,51,120
add-none,2,10000,40000,1063184,26,-8187
add-none,2,100000,400000,9277864,23,-41989
add-none,4,100,800,206407,258,0
add-none,4,1000,8000,341486,42,-97
add-none,4,10000,80000,2283003,28,-1883
add-none,4,100000,800000,22709011,28,-112545
add-none,8,100,1600,338117,211,-67
add-none,8,1000,16000,561919,35,-39
add-none,8,10000,160000,3627891,22,-6777
add-none,8,100000,1600000,35079110,21,-88982
add-none,12,100,2400,381116,158,0
add-none,12,1000,24000,735218,30,-495
add-none,12,10000,240000,6163514,25,-9003
add-none,12,100000,2400000,58319623,24,-107503
add-yield-none,2,10,40,139127,3478,0
add-yield-none,4,10,80,201877,2523,5
add-yield-none,8,10,160,352292,2201,15
add-yield-none,12,10,240,442760,1844,-1
add-yield-none,2,20,80,193723,2421,0
add-yield-none,4,20,160,217998,1362,14
add-yield-none,8,20,320,355903,1112,47
add-yield-none,12,20,480,468034,975,69
add-yield-none,2,40,160,235382,1471,30
add-yield-none,4,40,320,297130,928,83
add-yield-none,8,40,640,377601,590,53
add-yield-none,12,40,960,534074,556,150
add-yield-none,2,80,320,298198,931,0
add-yield-none,4,80,640,339257,530,74
add-yield-none,8,80,1280,446561,348,71
add-yield-none,12,80,1920,530236,276,137
add-yield-none,2,100,400,362001,905,0
add-yield-none,4,100,800,363950,454,74
add-yield-none,8,100,1600,482608,301,109
add-yield-none,12,100,2400,611021,254,161
add-yield-none,2,1000,4000,1693785,423,-25
add-yield-none,4,1000,8000,2885737,360,-169
add-yield-none,8,1000,16000,2803397,175,-701
add-yield-none,12,1000,24000,3431045,142,219
add-yield-none,2,10000,40000,17459925,436,-698
add-yield-none,4,10000,80000,18384883,229,65
add-yield-none,8,10000,160000,19015998,118,7
add-yield-none,12,10000,240000,22736130,94,-5204
add-yield-none,2,100000,400000,159621488,399,-6169
add-yield-none,4,100000,800000,168085320,210,-11179
add-yield-none,8,100000,1600000,198524811,124,-33395
add-yield-none,12,100000,2400000,209046778,87,-20565
add-none,1,100,200,110288,551,0
add-none,1,1000,2000,160857,80,0
add-none,1,10000,20000,328158,16,0
add-none,1,100000,200000,2208276,11,0
add-none,1,1000000,2000000,20715435,10,0
add-none,2,100,400,133273,333,0
add-none,2,1000,4000,201698,50,0
add-none,2,10000,40000,746164,18,490
add-none,2,100000,400000,8540153,21,-19347
add-none,2,1000000,4000000,54711438,13,-176765
add-none,4,100,800,170310,212,0
add-none,4,1000,8000,223190,27,461
add-none,4,10000,80000,1544935,19,-9082
add-none,4,100000,800000,17919545,22,-77813
add-none,4,1000000,8000000,178072470,22,-256468
add-yield-none,1,100,200,233154,1165,0
add-yield-none,1,1000,2000,1422432,711,0
add-yield-none,1,10000,20000,13059466,652,0
add-yield-none,1,100000,200000,132588239,662,0
add-yield-none,1,1000000,2000000,1453969949,726,0
add-yield-none,2,100,400,327233,818,12
add-yield-none,2,1000,4000,1920078,480,54
add-yield-none,2,10000,40000,18011327,450,-57
add-yield-none,2,100000,400000,163346183,408,5471
add-yield-none,2,1000000,4000000,1507266107,376,-7072
add-yield-none,4,100,800,353489,441,75
add-yield-none,4,1000,8000,1964409,245,75
add-yield-none,4,10000,80000,18833495,235,-4348
add-yield-none,4,100000,800000,308299248,385,-55473
add-yield-none,4,1000000,8000000,3004451824,375,-355402
add-yield-m,2,10000,40000,55329234,1383,0
add-yield-m,4,10000,80000,117689835,1471,0
add-yield-m,8,10000,160000,286428842,1790,0
add-yield-m,12,10000,240000,1874475747,7810,0
add-yield-c,2,10000,40000,26702215,667,0
add-yield-c,4,10000,80000,71879942,898,0
add-yield-c,8,10000,160000,138953938,868,0
add-yield-c,12,10000,240000,218249116,909,0
add-yield-s,2,10000,40000,40766869,1019,0
add-yield-s,4,10000,80000,82750171,1034,0
add-yield-s,8,10000,160000,154124386,963,0
add-yield-s,12,10000,240000,237527976,989,0
add-m,1,10000,20000,786654,39,0
add-m,2,10000,40000,6646970,166,0
add-m,4,10000,80000,12496285,156,0
add-m,8,10000,160000,31475769,196,0
add-m,12,10000,240000,57296501,238,0
add-c,1,10000,20000,529933,26,0
add-c,2,10000,40000,2341768,58,0
add-c,4,10000,80000,6290343,78,0
add-c,8,10000,160000,16581765,103,0
add-c,12,10000,240000,26034744,108,0
add-s,1,10000,20000,484777,24,0
add-s,2,10000,40000,2472414,61,0
add-s,4,10000,80000,9539999,119,0
add-s,8,10000,160000,36010677,225,0
add-s,12,10000,240000,68461459,285,0
add-none,2,100,400,156718,391,0
add-none,2,1000,4000,175792,43,0
add-none,2,10000,40000,915650,22,-425
add-none,2,100000,400000,6861900,17,-38109
add-none,4,100,800,226727,283,0
add-none,4,1000,8000,340775,42,-96
add-none,4,10000,80000,1951906,24,-8732
add-none,4,100000,800000,19267846,24,-146744
add-none,8,100,1600,344477,215,0
add-none,8,1000,16000,586564,36,-509
add-none,8,10000,160000,4295636,26,-8598
add-none,8,100000,1600000,41739294,26,-79398
add-none,12,100,2400,506855,211,0
add-none,12,1000,24000,738700,30,524
add-none,12,10000,240000,6323728,26,-6569
add-none,12,100000,2400000,61910314,25,-117565
add-yield-none,2,10,40,171228,4280,0
add-yield-none,4,10,80,272228,3402,0
add-yield-none,8,10,160,346802,2167,7
add-yield-none,12,10,240,511984,2133,3
add-yield-none,2,20,80,191285,2391,0
add-yield-none,4,20,160,266091,1663,27
add-yield-none,8,20,320,398687,1245,75
add-yield-none,12,20,480,496141,1033,88
add-yield-none,2,40,160,214561,1341,13
add-yield-none,4,40,320,340203,1063,80
add-yield-none,8,40,640,377988,590,165
add-yield-none,12,40,960,528794,550,99
add-yield-none,2,80,320,270657,845,-30
add-yield-none,4,80,640,315435,492,48
add-yield-none,8,80,1280,459118,358,43
add-yield-none,12,80,1920,634315,330,131
add-yield-none,2,100,400,279164,697,-5
add-yield-none,4,100,800,1004874,1256,51
add-yield-none,8,100,1600,528692,330,16
add-yield-none,12,100,2400,591356,246,215
add-yield-none,2,1000,4000,1686721,421,-13
add-yield-none,4,1000,8000,2148445,268,-382
add-yield-none,8,1000,16000,2289296,143,-410
add-yield-none,12,1000,24000,2341488,97,-30
add-yield-none,2,10000,40000,17816797,445,32
add-yield-none,4,10000,80000,18978033,237,47
add-yield-none,8,10000,160000,19541267,122,505
add-yield-none,12,10000,240000,21555425,89,-1918
add-yield-none,2,100000,400000,151974317,379,-3622
add-yield-none,4,100000,800000,175827701,219,-4567
add-yield-none,8,100000,1600000,182858025,114,-18198
add-yield-none,12,100000,2400000,199326920,83,-5800
add-none,1,100,200,153169,765,0
add-none,1,1000,2000,175426,87,0
add-none,1,10000,20000,330599,16,0
add-none,1,100000,200000,2241444,11,0
add-none,1,1000000,2000000,20563542,10,0
add-none,2,100,400,176822,442,0
add-none,2,1000,4000,175932,43,-403
add-none,2,10000,40000,802383,20,-3058
add-none,2,100000,400000,6097565,15,-6518
add-none,2,1000000,4000000,59843986,14,-123550
add-none,4,100,800,184861,231,-16
add-none,4,1000,8000,264326,33,154
add-none,4,10000,80000,1887344,23,-1826
add-none,4,100000,800000,16983098,21,-98991
add-none,4,1000000,8000000,162607934,20,-600234
add-yield-none,1,100,200,280952,1404,0
add-yield-none,1,1000,2000,1566516,783,0
add-yield-none,1,10000,20000,13854825,692,0
add-yield-none,1,100000,200000,128088739,640,0
add-yield-none,1,1000000,2000000,1365120995,682,0
add-yield-none,2,100,400,320957,802,38
add-yield-none,2,1000,4000,1696354,424,-52
add-yield-none,2,10000,40000,16423091,410,27
add-yield-none,2,100000,400000,152329340,380,-3592
add-yield-none,2,1000000,4000000,1564228463,391,-32132
add-yield-none,4,100,800,374616,468,101
add-yield-none,4,1000,8000,2437336,304,46
add-yield-none,4,10000,80000,18316415,228,-469
add-yield-none,4,100000,800000,245909387,307,-16896
add-yield-none,4,1000000,8000000,2068420856,258,-340664
add-yield-m,2,10000,40000,42391805,1059,0
add-yield-m,4,10000,80000,137966837,1724,0
add-yield-m,8,10000,160000,299932994,1874,0
add-yield-m,12,10000,240000,479800813,1999,0
add-yield-c,2,10000,40000,28675524,716,0
add-yield-c,4,10000,80000,65497948,818,0
add-yield-c,8,10000,160000,145489612,909,0
add-yield-c,12,10000,240000,366292142,1526,0
add-yield-s,2,10000,40000,43036223,1075,0
add-yield-s,4,10000,80000,88904962,1111,0
add-yield-s,8,10000,160000,157263539,982,0
add-yield-s,12,10000,240000,262671181,1094,0
add-m,1,10000,20000,773859,38,0
add-m,2,10000,40000,5662784,141,0
add-m,4,10000,80000,11416803,142,0
add-m,8,10000,160000,38451450,240,0
add-m,12,10000,240000,55101379,229,0
add-c,1,10000,20000,511332,25,0
add-c,2,10000,40000,3645570,91,0
add-c,4,10000,80000,6560544,82,0
add-c,8,10000,160000,12494387,78,0
add-c,12,10000,240000,23658176,98,0
add-s,1,10000,20000,481800,24,0
add-s,2,10000,40000,1993092,49,0
add-s,4,10000,80000,7363065,92,0
add-s,8,10000,160000,27378131,171,0
add-s,12,10000,240000,59203938,246,0
add-none,2,100,400,145178,362,0
add-none,2,1000,4000,275219,68,695
add-none,2,10000,40000,1143883,28,-1557
add-none,2,100000,400000,11286983,28,-33736
add-none,4,100,800,177477,221,0
add-none,4,1000,8000,340589,42,-813
add-none,4,10000,80000,2227880,27,-4601
add-none,4,100000,800000,22424163,28,-14706
add-none,8,100,1600,363591,227,0
add-none,8,1000,16000,1622298,101,407
add-none,8,10000,160000,4456745,27,-3714
add-none,8,100000,1600000,43237497,27,-54976
add-none,12,100,2400,1257980,524,0
add-none,12,1000,24000,920504,38,-258
add-none,12,10000,240000,6404870,26,-5793
add-none,12,100000,2400000,61984918,25,-29244
add-yield-none,2,10,40,314410,7860,0
add-yield-none,4,10,80,247969,3099,6
add-yield-none,8,10,160,991473,6196,0
add-yield-none,12,10,240,518334,2159,1
add-yield-none,2,20,80,176513,2206,19
add-yield-none,4,20,160,476947,2980,0
add-yield-none,8,20,320,980626,3064,0
add-yield-none,12,20,480,1477725,3078,37
add-yield-none,2,40,160,229895,1436,20
add-yield-none,4,40,320,526807,1646,0
add-yield-none,8,40,640,912400,1425,9
add-yield-none,12,40,960,681090,709,84
add-yield-none,2,80,320,702677,2195,29
add-yield-none,4,80,640,714127,1115,61
add-yield-none,8,80,1280,893193,697,54
add-yield-none,12,80,1920,936072,487,-11
add-yield-none,2,100,400,904504,2261,30
add-yield-none,4,100,800,954450,1193,111
add-yield-none,8,100,1600,1048843,655,109
add-yield-none,12,100,2400,1001505,417,99
add-yield-none,2,1000,4000,1880388,470,6
add-yield-none,4,1000,8000,6312634,789,35
add-yield-none,8,1000,16000,9164638,572,-125
add-yield-none,12,1000,24000,7531912,313,-320
add-yield-none,2,10000,40000,25476303,636,-9640
add-yield-none,4,10000,80000,63509421,793,0
add-yield-none,8,10000,160000,42169933,263,-740
add-yield-none,12,10000,240000,50853626,211,1399
add-yield-none,2,100000,400000,267954192,669,-30148
add-yield-none,4,100000,800000,254670496,318,-12454
add-yield-none,8,100000,1600000,361162847,225,-42901
add-yield-none,12,100000,2400000,416810362,173,-90271
add-none,1,100,200,192191,960,0
add-none,1,1000,2000,202666,101,0
add-none,1,10000,20000,603282,30,0
add-none,1,100000,200000,3336809,16,0
add-none,1,1000000,2000000,23417313,11,0
add-none,2,100,400,271009,677,0
add-none,2,1000,4000,342796,85,0
add-none,2,10000,40000,970508,24,-689
add-none,2,100000,400000,8022639,20,-45049
add-none,2,1000000,4000000,92268244,23,-351935
add-none,4,100,800,216598,270,0
add-none,4,1000,8000,272947,34,406
add-none,4,10000,80000,2062894,25,-6456
add-none,4,100000,800000,22576461,28,-50089
add-none,4,1000000,8000000,198836134,24,-374430
add-yield-none,1,100,200,230187,1150,0
add-yield-none,1,1000,2000,1376843,688,0
add-yield-none,1,10000,20000,17765318,888,0
add-yield-none,1,100000,200000,128975354,644,0
add-yield-none,1,1000000,2000000,1293279426,646,0
add-yield-none,2,100,400,285208,713,25
add-yield-none,2,1000,4000,1683791,420,19
add-yield-none,2,10000,40000,16506131,412,53
add-yield-none,2,100000,400000,130650566,326,-5433
add-yield-none,2,1000000,4000000,1558040726,389,-41546
add-yield-none,4,100,800,377943,472,-4
add-yield-none,4,1000,8000,1991382,248,-254
add-yield-none,4,10000,80000,17975645,224,1521
add-yield-none,4,100000,800000,189572913,236,-16031
add-yield-none,4,1000000,8000000,1905651550,238,-99235
add-yield-m,2,10000,40000,102006417,2550,0
add-yield-m,4,10000,80000,467326843,5841,0
add-yield-m,8,10000,160000,2120835505,13255,0
add-yield-m,12,10000,240000,1919540787,7998,0
add-yield-c,2,10000,40000,45803381,1145,0
add-yield-c,4,10000,80000,64047644,800,0
add-yield-c,8,10000,160000,134699003,841,0
add-yield-c,12,10000,240000,226461582,943,0
add-yield-s,2,10000,40000,29950051,748,0
add-yield-s,4,10000,80000,73052354,913,0
add-yield-s,8,10000,160000,160240415,1001,0
add-yield-s,12,10000,240000,241887137,1007,0
add-m,1,10000,20000,823959,41,0
add-m,2,10000,40000,4577962,114,0
add-m,4,10000,80000,14836697,185,0
add-m,8,10000,160000,40305106,251,0
add-m,12,10000,240000,58300574,242,0
add-c,1,10000,20000,509534,25,0
add-c,2,10000,40000,2468593,61,0
add-c,4,10000,80000,6565691,82,0
add-c,8,10000,160000,20167659,126,0
add-c,12,10000,240000,30298140,126,0
add-s,1,10000,20000,427447,21,0
add-s,2,10000,40000,2082477,52,0
add-s,4,10000,80000,21633520,270,0
add-s,8,10000,160000,31118617,194,0
add-s,12,10000,240000,58230600,242,0
